Id,Name,Surname,Credit Card,Address,Tier,Country,Policy Number
1,Alice,Johnson,4000 1234 5678 9010,"14 Baker St, Apt 2B",Advanced,USA,POL-82930411-A
2,Bob,Smith,4111 2345 6789 0121,789 Pine Ln,Simple,Canada,HME-10293847-X
3,Charlie,Brown,4222 3456 7890 1232,50 Oak Ave,Premium,UK,AUT-55462718-M
4,Diana,Miller,4333 4567 8901 2343,101 Elm Blvd,Advanced,Australia,LIF-99203184-P
5,Ethan,Wilson,4444 5678 9012 3454,22 Maple Rd,Simple,Germany,POL-11223344-B
6,Fiona,Clark,4555 6789 0123 4565,33 Cedar Pkwy,Premium,France,HME-98765432-Z
7,George,Harris,4666 7890 1234 5676,44 Birch Dr,Simple,USA,AUT-44556677-K
8,Hannah,Lewis,4777 8901 2345 6787,55 Spruce Cir,Advanced,Canada,LIF-12345678-Q
9,Ian,Walker,4888 9012 3456 7898,66 Poplar Ct,Simple,UK,POL-55667788-C
10,Jasmine,Hall,4999 0123 4567 8909,77 Willow Wy,Premium,Australia,HME-00112233-Y
11,Kyle,Young,4001 1235 6780 9011,88 Aspen Ln,Advanced,Germany,AUT-99887766-J
12,Laura,King,4112 2346 7891 0122,99 Redwood Ave,Simple,France,LIF-66554433-W
13,Michael,Scott,4223 3457 8902 1233,10 Park Pl,Premium,USA,POL-33445566-D
14,Nina,Adams,4334 4568 9013 2344,20 Meadow Bl,Advanced,Canada,HME-77665544-V
15,Oliver,Wright,4445 5679 0124 3455,30 Lake Dr,Simple,UK,AUT-22113344-L
16,Penelope,Green,4556 6780 1235 4566,40 River Rd,Premium,Australia,LIF-88776655-R
17,Quentin,Baker,4667 7891 2346 5677,50 Hilltop Ct,Simple,Germany,POL-44332211-E
18,Rachel,Carter,4778 8902 3457 6788,60 Valley Ln,Advanced,France,HME-55443322-U
19,Samuel,Davis,4889 9013 4568 7899,70 Forest Rd,Premium,USA,AUT-66778899-I
20,Taylor,Evans,4990 0124 5679 8900,80 Sunset Bl,Simple,Canada,LIF-22334455-T
21,Ursula,Fisher,4002 1236 5671 9012,90 Sunrise Ln,Advanced,UK,POL-10102020-F
22,Victor,Gomez,4113 2347 6782 0123,100 Ocean Dr,Premium,Australia,HME-30304040-S
23,Wendy,Hayes,4224 3458 7893 1234,110 Beach St,Simple,Germany,AUT-50506060-H
24,Xavier,Iyer,4335 4569 8904 2345,120 Cliff Rd,Advanced,France,LIF-70708080-G
25,Yara,Jones,4446 5670 9015 3456,130 Bay Ave,Simple,USA,POL-90900000-N
26,Zane,Keller,4557 6781 0126 4567,140 Palm Ct,Premium,Canada,HME-12121212-M
27,Amy,Lee,4668 7892 1237 5678,150 Coral Bl,Advanced,UK,AUT-23232323-O
28,Ben,Martin,4779 8903 2348 6789,160 Shell Dr,Simple,Australia,LIF-34343434-P
29,Chloe,Nelson,4890 9014 3459 7900,170 Sand Rd,Premium,Germany,POL-45454545-Q
30,David,Owen,4901 0125 4560 8911,180 Harbor Ln,Advanced,France,HME-56565656-R
31,Ella,Parker,4012 1237 5672 9022,190 Pier Ave,Simple,USA,AUT-67676767-S
32,Finn,Quinn,4123 2348 6783 0133,200 Cove Rd,Premium,Canada,LIF-78787878-T
33,Gia,Roberts,4234 3459 7894 1244,210 Marina Bl,Advanced,UK,POL-89898989-U
34,Harry,Stone,4345 4560 8905 2355,220 Ship St,Simple,Australia,HME-90909090-V
35,Ivy,Taylor,4456 5671 9016 3466,230 Boat Dr,Premium,Germany,AUT-01010101-W
36,Jack,Underwood,4567 6782 0127 4577,240 Deck Ln,Advanced,France,LIF-13131313-X
37,Kara,Vance,4678 7893 1238 5688,250 Dock Wy,Simple,USA,POL-24242424-Y
38,Liam,Ward,4789 8904 2349 6799,260 Mast Bl,Premium,Canada,HME-35353535-Z
39,Mia,Xu,4800 9015 3460 8010,270 Sail Ave,Advanced,UK,AUT-46464646-A
40,Noah,Yates,4911 0126 4571 9021,280 Anchor St,Simple,Australia,LIF-57575757-B
41,Olivia,Zimmerman,4023 1238 5683 9032,290 Buoy Dr,Premium,Germany,POL-68686868-C
42,Peter,Allen,4134 2349 6794 0143,300 Wave Ln,Advanced,France,HME-79797979-D
43,Quincy,Black,4245 3460 7805 1254,310 Tide Rd,Simple,USA,AUT-80808080-E
44,Ruby,Chen,4356 4571 8916 2365,320 Current St,Premium,Canada,LIF-91919191-F
45,Steven,Drew,4467 5682 9027 3476,330 Spray Dr,Advanced,UK,POL-02020202-G
46,Tessa,Eaton,4578 6793 0138 4587,340 Foam Ln,Simple,Australia,HME-13131414-H
47,Ulysses,Fox,4689 7804 1249 5698,350 Mist Rd,Premium,Germany,AUT-25252626-I
48,Violet,Gill,4700 8915 2350 6809,360 Cloud Bl,Advanced,France,LIF-37373838-J
49,William,Hines,4811 9026 3461 8020,370 Sky Ave,Simple,USA,POL-49495050-K
50,Zara,Irving,4922 0137 4572 9131,380 Star Ct,Premium,Canada,HME-61616262-L